<?xml version="1.0" encoding="utf-8" standalone="yes"?>
<templateTable>
    <control elementType="Element">
        <fullTemplate/>
    </control>
    <control elementType="ElementBase">
        <fullTemplate>Name</fullTemplate>
    </control>
    <control elementType="TextPatternElemsent">
        <fullTemplate>Name Pause LocalizedControlType Pause Formula Pause</fullTemplate>
        <brailleTemplate>LocalizedControlType IsEnabled Name Formula</brailleTemplate>
    </control>
    <control elementType="TextPatternElement_RangeOnly">
        <fullTemplate>Document</fullTemplate>
        <brailleTemplate>LocalizedControlType IsEnabled Document</brailleTemplate>
    </control>
    <control elementType="TextPatternElement_Document">
        <shortTemplate>Name Pause Editing_Text Pause</shortTemplate>
        <fullTemplate>Name Pause Editing_Text Pause Formula Pause</fullTemplate>
        <brailleTemplate>Editable_Braille RemoveSpace LocalizedControlType IsEnabled Name Formula</brailleTemplate>
    </control>
    <control elementType="TextPatternElement_ReadOnly">
        <shortTemplate>Name</shortTemplate>
        <fullTemplate>Name Pause Formula Pause</fullTemplate>
        <brailleTemplate>ReadOnly_Braille RemoveSpace LocalizedControlType IsEnabled Name Formula</brailleTemplate>
    </control>
    <control elementType="TextPatternElement_EditableNotFocused">
        <shortTemplate>Name Pause EditableText_Text Pause</shortTemplate>
        <fullTemplate>Name Pause EditableText_Text Pause Formula Pause</fullTemplate>
        <brailleTemplate>Editable_Braille RemoveSpace LocalizedControlType IsEnabled Name Formula</brailleTemplate>
    </control>
    <control elementType="Button">
        <shortTemplate>Name Pause LocalizedControlType Pause Value Pause ToggleState Pause ExpandCollapseState Pause</shortTemplate>
        <fullTemplate>Name Pause LocalizedControlType Pause Value Pause ToggleState Pause ExpandCollapseState Pause PrimaryDescription Pause</fullTemplate>
        <brailleTemplate>LocalizedControlType IsEnabled ToggleState ExpandCollapseState Name Value PrimaryDescription</brailleTemplate>
    </control>
    <control elementType="Calendar">
        <fullTemplate>Value Pause LocalizedControlType Pause</fullTemplate>
    </control>
    <control elementType="Checkbox">
        <shortTemplate>Name LocalizedControlType ToggleState Pause</shortTemplate>
        <fullTemplate>Name LocalizedControlType ToggleState Pause PrimaryDescription Pause</fullTemplate>
        <brailleTemplate>LocalizedControlType IsEnabled ToggleState Name PrimaryDescription</brailleTemplate>
    </control>
    <control elementType="Checkbox_StateChanged">
        <fullTemplate>ToggleState Pause</fullTemplate>
        <brailleTemplate>LocalizedControlType IsEnabled ToggleState Name</brailleTemplate>
    </control>
    <control elementType="Combobox">
        <shortTemplate>Name Pause LocalizedControlType Pause Value Pause ExpandCollapseState Pause</shortTemplate>
        <fullTemplate>Name Pause Value Pause LocalizedControlType Pause ValueIsReadOnly Pause ExpandCollapseState Pause PrimaryDescription Pause</fullTemplate>
        <brailleTemplate>ValueIsReadOnly RemoveSpace LocalizedControlType IsEnabled ExpandCollapseState Name Value PrimaryDescription</brailleTemplate>
    </control>
    <control elementType="ComboboxEdit">
        <shortTemplate>Name Pause LocalizedControlType Pause Value Pause ExpandCollapseState Pause</shortTemplate>
        <fullTemplate>Name Pause Value Pause LocalizedControlType Pause ValueIsReadOnly Pause ExpandCollapseState Pause PrimaryDescription Pause</fullTemplate>
        <brailleTemplate>ValueIsReadOnly RemoveSpace LocalizedControlType IsEnabled ExpandCollapseState Name Value PrimaryDescription</brailleTemplate>
    </control>
    <control elementType="DataGrid">
        <fullTemplate>Name Pause LocalizedControlType Pause Contains_GridColCount_GridRowCount Pause</fullTemplate>
        <brailleTemplate>LocalizedControlType IsEnabled Name Contains_GridColCount_GridRowCount</brailleTemplate>
    </control>
    <control elementType="DataGridColumns">
        <fullTemplate>Name Pause LocalizedControlType Pause TableColumnNames_Contains_GridRowCount Pause</fullTemplate>
        <brailleTemplate>LocalizedControlType IsEnabled Name TableColumnNames_Contains_GridRowCount</brailleTemplate>
    </control>
    <control elementType="DataGridRows">
        <fullTemplate>Name Pause LocalizedControlType Pause Contains_GridColCount_Columns_TableRowNames Pause</fullTemplate>
        <brailleTemplate>LocalizedControlType IsEnabled Name Contains_GridColCount_Columns_TableRowNames_NoPause</brailleTemplate>
    </control>
    <control elementType="DataGridColumnsAndRows">
        <fullTemplate>Name Pause LocalizedControlType Pause Columns_TableColumnNames_TableRowNames Pause</fullTemplate>
        <brailleTemplate>LocalizedControlType IsEnabled Name Columns_TableColumnNames_TableRowNames</brailleTemplate>
    </control>
    <control elementType="TableColumns">
      <shortTemplate>Name Pause LocalizedControlType Pause Has_GridRowCount_And_GridColCount Pause</shortTemplate>
      <fullTemplate>Name Pause LocalizedControlType Pause TableColumnNames Pause Has_GridRowCount_And_GridColCount Pause</fullTemplate>
    </control>
    <control elementType="TableRows">
      <shortTemplate>Name Pause LocalizedControlType Pause Has_GridRowCount_And_GridColCount Pause</shortTemplate>
      <fullTemplate>Name Pause LocalizedControlType Pause TableRowNames Pause Has_GridRowCount_And_GridColCount Pause</fullTemplate>
    </control>
    <control elementType="TableColumnsAndRows">
      <shortTemplate>Name Pause LocalizedControlType Pause Has_GridRowCount_And_GridColCount Pause</shortTemplate>
      <fullTemplate>Name Pause LocalizedControlType Pause Columns_TableColumnNames_TableRowNames Pause Has_GridRowCount_And_GridColCount Pause</fullTemplate>
    </control>
    <control elementType="DataItem">
        <shortTemplate>Name Pause Value Pause Formula Pause</shortTemplate>
        <fullTemplate>Name Pause SelectionItem_IsSelected Pause ValueIsReadOnly Pause Value Pause Formula Pause ItemStatus Pause</fullTemplate>
        <brailleTemplate>ValueIsReadOnly RemoveSpace LocalizedControlType IsEnabled SelectionItem_IsSelected Name Value Formula ItemStatus</brailleTemplate>
    </control>
    <control elementType="DataItem_Table">
        <fullTemplate>Name Pause SelectionItem_IsSelected Pause ValueIsReadOnly Pause Column_TableItemColumn_Row_TableItemRow Pause Value Pause Formula Pause ItemStatus Pause</fullTemplate>
        <brailleTemplate>ValueIsReadOnly RemoveSpace LocalizedControlType IsEnabled SelectionItem_IsSelected Name Column_TableItemColumn_Row_TableItemRow_Lower Value Formula ItemStatus</brailleTemplate>
    </control>
    <control elementType="DataItem_Grid">
        <fullTemplate>Name Pause SelectionItem_IsSelected Pause ValueIsReadOnly Pause GridItem_ColRow Pause LocalizedControlType Pause Value Pause Formula Pause ItemStatus Pause</fullTemplate>
        <brailleTemplate>ValueIsReadOnly RemoveSpace LocalizedControlType IsEnabled SelectionItem_IsSelected Name GridItem_ColRow Value Formula ItemStatus</brailleTemplate>
    </control>
    <control elementType="DataItem_SpreadsheetItem">
        <fullTemplate>Value Pause Name Pause Formula Pause ItemStatus Pause</fullTemplate>
        <brailleTemplate>Value Name Formula ItemStatus</brailleTemplate>
    </control>
    <control elementType="Edit">
        <shortTemplate>Name Pause LocalizedControlType Pause Value Pause</shortTemplate>
        <fullTemplate>Name Pause LocalizedControlType Pause Value Pause Formula Pause PrimaryDescription Pause</fullTemplate>
        <brailleTemplate>LocalizedControlType IsEnabled Name Value Formula PrimaryDescription</brailleTemplate>
    </control>
    <control elementType="Edit_ReadOnly">
        <shortTemplate>Name Pause LocalizedControlType Pause ReadOnly_Text Pause Value Pause</shortTemplate>
        <fullTemplate>Name Pause LocalizedControlType Pause ReadOnly_Text Pause Value Pause Formula Pause PrimaryDescription Pause</fullTemplate>
        <brailleTemplate>ReadOnly_Braille RemoveSpace LocalizedControlType IsEnabled Name Value Formula PrimaryDescription</brailleTemplate>
    </control>
    <control elementType="Group">
        <fullTemplate>Name Pause LocalizedControlType Pause ExpandCollapseState Pause</fullTemplate>
        <brailleTemplate>LocalizedControlType IsEnabled ExpandCollapseState Name</brailleTemplate>
    </control>
    <control elementType="Header">
        <fullTemplate>Name Pause LocalizedControlType Pause</fullTemplate>
        <brailleTemplate>LocalizedControlType Name</brailleTemplate>
    </control>
    <control elementType="HeaderItem">
        <shortTemplate>Name Pause LocalizedControlType Pause Value Pause Formula Pause</shortTemplate>
        <fullTemplate>Name Pause LocalizedControlType Pause ValueIsReadOnly Pause Value Pause Formula Pause ItemStatus Pause</fullTemplate>
        <brailleTemplate>ValueIsReadOnly RemoveSpace LocalizedControlType Name Value Formula ItemStatus</brailleTemplate>
    </control>
    <control elementType="Hyperlink">
        <shortTemplate>LocalizedControlType Pause Name Pause</shortTemplate>
        <fullTemplate>LocalizedControlType Pause Name Pause</fullTemplate>
        <brailleTemplate>LocalizedControlType IsEnabled Name</brailleTemplate>
    </control>
    <control elementType="Image">
        <fullTemplate>Name Pause LocalizedControlType Pause ItemStatus Pause Value Pause Formula Pause PrimaryDescription Pause</fullTemplate>
        <brailleTemplate>LocalizedControlType IsEnabled Name ItemStatus Value Formula PrimaryDescription Pause</brailleTemplate>
    </control>
    <control elementType="IPAddress">
        <fullTemplate>IpAddress_Text Value Pause</fullTemplate>
    </control>
    <control elementType="IPOctet">
        <fullTemplate>OctetPosition_Value Pause</fullTemplate>
    </control>
    <control elementType="List">
        <fullTemplate>Name Pause SelectionItemSelected_Text Pause SelectionType_Contains_ItemCount Pause</fullTemplate>
    </control>
    <control elementType="List_NoSelection">
        <fullTemplate>Name Pause Contains_ItemCount Pause</fullTemplate>
    </control>
    <control elementType="List_SuggestionState">
        <fullTemplate>ItemCountsuggestions_Text Pause</fullTemplate>
    </control>
    <control elementType="ListItem">
        <shortTemplate>Name Pause ItemType Pause Value Pause Formula Pause SelectionItem_IsSelected Pause ToggleState Pause ExpandCollapseState Pause</shortTemplate>
        <fullTemplate>Name Pause ItemType Pause StructuralNavString Pause Value Pause Formula Pause SelectionItem_IsSelected Pause ToggleState Pause ExpandCollapseState Pause</fullTemplate>
        <brailleTemplate>LocalizedControlType IsEnabled SelectionItem_IsSelected ToggleState ExpandCollapseState Name ItemType StructuralNavString Value Formula</brailleTemplate>
    </control>
    <control elementType="ListItem_WithSubItems">
        <shortTemplate>Name Pause ItemType Pause ListItemSubItemNames Pause</shortTemplate>
        <fullTemplate>Name Pause ItemType Pause ListItemSubItemNames Pause StructuralNavString Pause SelectionItem_IsSelected Pause ToggleState Pause</fullTemplate>
        <brailleTemplate>LocalizedControlType IsEnabled SelectionItem_IsSelected ToggleState Name ItemType ListItemSubItemNames StructuralNavString</brailleTemplate>
    </control>
    <control elementType="ListItem_MogoTile">
        <fullTemplate>Name Pause ItemType Pause ItemStatus Pause TileNotification Pause SelectionItem_IsSelected Pause</fullTemplate>
        <brailleTemplate>LocalizedControlType IsEnabled SelectionItem_IsSelected Name ItemType ItemStatus TileNotification</brailleTemplate>
    </control>
    <control elementType="Menu">
        <fullTemplate>Name Pause ExpandCollapseState Pause LocalizedControlType Pause</fullTemplate>
        <brailleTemplate>LocalizedControlType IsEnabled ExpandCollapseState Name Value</brailleTemplate>
    </control>
    <control elementType="Menu_NoExpandCollapse">
        <fullTemplate>Name Pause LocalizedControlType Pause</fullTemplate>
        <brailleTemplate>LocalizedControlType IsEnabled Name</brailleTemplate>
    </control>
    <control elementType="MenuBar">
        <fullTemplate>Name Pause LocalizedControlType Pause</fullTemplate>
        <brailleTemplate>LocalizedControlType IsEnabled Name</brailleTemplate>
    </control>
    <control elementType="MenuItem">
        <shortTemplate>Name Pause LocalizedControlType Pause CheckState Pause ExpandCollapseState Pause</shortTemplate>
        <fullTemplate>Name Pause LocalizedControlType Pause CheckState Pause ExpandCollapseState Pause StructuralNavString Pause SelectionItem_IsSelected</fullTemplate>
        <brailleTemplate>LocalizedControlType IsEnabled SelectionItem_IsSelected ExpandCollapseState Name CheckState StructuralNavString</brailleTemplate>
    </control>
    <control elementType="Pane">
        <fullTemplate>Name Pause LocalizedControlType Pause</fullTemplate>
        <brailleTemplate>LocalizedControlType IsEnabled Name</brailleTemplate>
    </control>
    <control elementType="Password">
        <shortTemplate>Name Pause Passwordfield_Text Pause</shortTemplate>
        <fullTemplate>Name Pause Passwordfield_Text Pause PrimaryDescription Pause</fullTemplate>
        <brailleTemplate>Name Passwordfield_Text PrimaryDescription</brailleTemplate>
    </control>
    <control elementType="ProgressBar_Breadcrumb">
        <fullTemplate>LocationBar_Address Pause</fullTemplate>
        <brailleTemplate>LocationBar_Address</brailleTemplate>
    </control>
    <control elementType="ProgressBar">
        <fullTemplate>Name Pause Percent LocalizedControlType Pause</fullTemplate>
        <brailleTemplate>LocalizedControlType IsEnabled Name Percent</brailleTemplate>
    </control>
    <control elementType="RadioButton">
        <shortTemplate>Name Pause LocalizedControlType Pause SelectionItem_IsSelected</shortTemplate>
        <fullTemplate>Name Pause LocalizedControlType Pause SelectionItem_IsSelected ItemIndex_Of_ItemCount Pause PrimaryDescription Pause</fullTemplate>
        <brailleTemplate>LocalizedControlType IsEnabled SelectionItem_IsSelected Name ItemIndex_Of_ItemCount PrimaryDescription</brailleTemplate>
    </control>
    <control elementType="RadioButton_InBigList">
        <shortTemplate>Name Pause LocalizedControlType Pause SelectionItem_IsSelected</shortTemplate>
        <fullTemplate>Name Pause LocalizedControlType Pause SelectionItem_IsSelected Pause PrimaryDescription Pause</fullTemplate>
        <brailleTemplate>LocalizedControlType IsEnabled SelectionItem_IsSelected Name PrimaryDescription</brailleTemplate>
    </control>
    <control elementType="ScrollBar">
        <fullTemplate>Name Pause LocalizedControlType_AtPercent Pause</fullTemplate>
        <brailleTemplate>LocalizedControlType IsEnabled Name_AtPercent</brailleTemplate>
    </control>
    <control elementType="Separator">
        <fullTemplate>Name Pause LocalizedControlType Pause</fullTemplate>
    </control>
    <control elementType="SemanicZoom">
        <fullTemplate>Name Pause ToggleState Pause LocalizedControlType Pause</fullTemplate>
    </control>
    <control elementType="SimpleEdit">
        <shortTemplate>Name Pause LocalizedControlType Pause Value Pause</shortTemplate>
        <fullTemplate>Name Pause LocalizedControlType Pause Value Pause Formula Pause PrimaryDescription Pause</fullTemplate>
        <brailleTemplate>LocalizedControlType Name Value Formula PrimaryDescription</brailleTemplate>
    </control>
    <control elementType="SimpleEdit_ReadOnly_NoValue">
        <shortTemplate>Name Pause LocalizedControlType Pause ReadOnly_Text Pause</shortTemplate>
        <fullTemplate>Name Pause LocalizedControlType Pause ReadOnly_Text Pause Formula Pause PrimaryDescription Pause</fullTemplate>
        <brailleTemplate>ReadOnly_Braille RemoveSpace LocalizedControlType Name Formula PrimaryDescription</brailleTemplate>
    </control>
    <control elementType="SimpleEdit_Edit_ReadOnly">
        <shortTemplate>Name Pause LocalizedControlType Pause ReadOnly_Text Pause Value Pause</shortTemplate>
        <fullTemplate>Name Pause LocalizedControlType Pause ReadOnly_Text Pause Value Pause Formula Pause PrimaryDescription Pause</fullTemplate>
        <brailleTemplate>ReadOnly_Braille RemoveSpace LocalizedControlType Name Value Formula PrimaryDescription</brailleTemplate>
    </control>
    <control elementType="Slider_Selection">
        <shortTemplate>Name Pause LocalizedControlType_AtSelectionItem Pause</shortTemplate>
        <fullTemplate>Name Pause LocalizedControlType_AtSelectionItem Pause</fullTemplate>
        <brailleTemplate>LocalizedControlType IsEnabled Name_AtSelectionItem</brailleTemplate>
    </control>
    <control elementType="Slider">
        <shortTemplate>Name Pause LocalizedControlType Pause Percent Pause</shortTemplate>
        <fullTemplate>Name Pause LocalizedControlType Pause Percent Pause</fullTemplate>
        <brailleTemplate>LocalizedControlType IsEnabled Name Percent</brailleTemplate>
    </control>
    <control elementType="Spinner">
        <shortTemplate>Name Pause LocalizedControlType Pause Value Pause</shortTemplate>
        <fullTemplate>Name Pause LocalizedControlType Pause Value Pause ValueIsReadOnly Pause</fullTemplate>
        <brailleTemplate>LocalizedControlType IsEnabled Name Value</brailleTemplate>
    </control>
    <control elementType="Spinner_RangeValue">
        <shortTemplate>Name Pause LocalizedControlType Pause RangeValue Pause</shortTemplate>
        <fullTemplate>Name Pause LocalizedControlType Pause RangeValue Pause Minimum_And_Maximum_RangeValue Pause</fullTemplate>
        <brailleTemplate>LocalizedControlType IsEnabled Name RangeValue Minimum_And_Maximum_RangeValue</brailleTemplate>
    </control>
    <control elementType="Splitbutton">
        <shortTemplate>Name Pause LocalizedControlType Pause Value Pause</shortTemplate>
        <fullTemplate>Name Pause LocalizedControlType Pause ToggleState Pause ExpandCollapseState Pause Value Pause PrimaryDescription Pause</fullTemplate>
        <brailleTemplate>LocalizedControlType IsEnabled ToggleState ExpandCollapseState Name Value PrimaryDescription</brailleTemplate>
    </control>
    <control elementType="StatusBar">
        <fullTemplate>Name Pause LocalizedControlType Pause</fullTemplate>
        <brailleTemplate>LocalizedControlType IsEnabled Name</brailleTemplate>
    </control>
    <control elementType="SuperGrid">
        <fullTemplate>ItemType Pause Name IsEnabled Pause</fullTemplate>
    </control>
    <control elementType="Tab">
        <shortTemplate>Name LocalizedControlType Pause</shortTemplate>
        <fullTemplate>Name LocalizedControlType_ContainsItemCount Pause</fullTemplate>
        <brailleTemplate>LocalizedControlType IsEnabled Name</brailleTemplate>
    </control>
    <control elementType="TabItem">
        <shortTemplate>Name LocalizedControlType Pause</shortTemplate>
        <fullTemplate>Name LocalizedControlType Pause StructuralNavString Pause SelectionItem_IsSelected Pause</fullTemplate>
        <brailleTemplate>LocalizedControlType IsEnabled SelectionItem_IsSelected Name StructuralNavString</brailleTemplate>
    </control>
    <control elementType="Table">
        <fullTemplate>Name LocalizedControlType_WithGridRowCount Pause GridColCountColumns_Text Pause</fullTemplate>
        <brailleTemplate>LocalizedControlType Name_WithGridRowCount GridColCountColumns_Text</brailleTemplate>
    </control>
    <control elementType="Thumb">
        <fullTemplate>Name Pause LocalizedControlType Pause</fullTemplate>
    </control>
    <control elementType="TitleBar">
        <fullTemplate>LocalizedControlType Pause</fullTemplate>
        <brailleTemplate>LocalizedControlType IsEnabled</brailleTemplate>
    </control>
    <control elementType="ToolBar">
        <fullTemplate>Name Pause LocalizedControlType Pause</fullTemplate>
        <brailleTemplate>LocalizedControlType IsEnabled Name</brailleTemplate>
    </control>
    <control elementType="ToolTip">
        <fullTemplate>LocalizedControlType Pause Name Pause</fullTemplate>
        <brailleTemplate>LocalizedControlType IsEnabled Name</brailleTemplate>
    </control>
    <control elementType="TreeView">
        <shortTemplate>Name Pause LocalizedControlType Pause</shortTemplate>
        <fullTemplate>Name Pause LocalizedControlType Pause</fullTemplate>
        <brailleTemplate>LocalizedControlType IsEnabled Name</brailleTemplate>
    </control>
    <control elementType="TreeViewItem">
        <shortTemplate>Name Pause CheckState Pause ExpandCollapseState Pause</shortTemplate>
        <fullTemplate>Name Pause StructuralNavString Pause CheckState Pause ExpandCollapseState Pause</fullTemplate>
        <brailleTemplate>LocalizedControlType IsEnabled ExpandCollapseState CheckState Name StructuralNavString</brailleTemplate>
    </control>
    <control elementType="Window">
        <fullTemplate>Name LocalizedControlType Pause</fullTemplate>
        <brailleTemplate>LocalizedControlType IsEnabled Name</brailleTemplate>
    </control>
    <control elementType="TaskSwitcher">
        <fullTemplate>Name Pause StructuralNavString Pause</fullTemplate>
    </control>
    <control elementType="CustomControl">
        <fullTemplate>Name Pause LocalizedControlType Pause</fullTemplate>
    </control>
    <control elementType="ImeCandidate">
        <fullTemplate>Name Pause HelpText Pause</fullTemplate>
    </control>
    <control elementType="SoftKeyboardKey">
        <fullTemplate>Name Pause ExpandCollapseState Pause ToggleState Pause</fullTemplate>
    </control>
    <control elementType="ListItem_MogoTile_Selected">
        <fullTemplate>SelectionItem_IsSelected Pause Name Pause ItemType</fullTemplate>
        <brailleTemplate>LocalizedControlType IsEnabled SelectionItem_IsSelected Name ItemType</brailleTemplate>
    </control>
    <control elementType="ListItemFocusMonitored">
        <fullTemplate>Name Pause ExpandCollapseState Pause SelectionItem_IsSelected</fullTemplate>
    </control>
    <control elementType="TableEntry">
      <shortTemplate>Name Pause</shortTemplate>
      <fullTemplate>Table_Text Name Pause HelpText Pause Has_GridRowCount_And_GridColCount Pause</fullTemplate>
    </control>
    <control elementType="TableHeaders">
        <fullTemplate>RowHeaderDiffSub ColHeaderDiffSub</fullTemplate>
    </control>
    <control elementType="TableCellType">
        <fullTemplate>TableItemCellType</fullTemplate>
    </control>
    <control elementType="TableCellCoordinate">
        <fullTemplate>RowLocationDiffSub ColLocationDiffSub</fullTemplate>
    </control>
    <control elementType="TableMergedCell">
        <fullTemplate>TableMergedCellText TableGridItemSpan</fullTemplate>
    </control>
    <control elementType="TableHeaderText">
        <fullTemplate>Name Pause Value</fullTemplate>
    </control>
    <templateSnippet elementType="ElementSuffix">
        <fullTemplate>IsEnabled Pause</fullTemplate>
    </templateSnippet>
    <templateSnippet elementType="ElementShortcutSuffix">
        <fullTemplate>AccessKey Pause AcceleratorKey Pause</fullTemplate>
        <brailleTemplate>Hk_Braille AccessKey AcceleratorKey</brailleTemplate>
    </templateSnippet>
    <templateSnippet elementType="ExpandCollapsePattern">
        <fullTemplate>ExpandCollapseState Pause</fullTemplate>
    </templateSnippet>
    <templateSnippet elementType="GridPattern">
        <fullTemplate>Contains_GridColCount_GridRowCount Pause</fullTemplate>
    </templateSnippet>
    <templateSnippet elementType="SelectionPattern">
        <fullTemplate>SelectionType Pause</fullTemplate>
    </templateSnippet>
    <templateSnippet elementType="DockPattern">
        <fullTemplate>DockPosition_Text DockPosition Pause</fullTemplate>
    </templateSnippet>
    <templateSnippet elementType="GridItemPattern">
        <fullTemplate>GridItem_ColRow Pause</fullTemplate>
        <brailleTemplate>LocalizedControlType IsEnabled GridItem_ColRow</brailleTemplate>
    </templateSnippet>
    <templateSnippet elementType="RangeValuePattern">
        <fullTemplate>CurrentValue_Text RangeValue Pause MinimumValue_Text RangeValueMin Pause MaximumValue_Text RangeValueMax Pause</fullTemplate>
    </templateSnippet>
    <templateSnippet elementType="ScrollPattern">
        <fullTemplate>Scrollinfo_WithText Pause</fullTemplate>
    </templateSnippet>
    <templateSnippet elementType="ScrollPattern_UniDirection">
        <fullTemplate>ScrollPercent_AndScrollType Pause</fullTemplate>
    </templateSnippet>
    <templateSnippet elementType="ScrollPattern_ScrollCommand">
        <fullTemplate>ScrolledTo</fullTemplate>
    </templateSnippet>
    <templateSnippet elementType="TableItemPattern">
        <fullTemplate>Column_TableItemColumn_Row_TableItemRow Pause</fullTemplate>
        <brailleTemplate>LocalizedControlType IsEnabled Column_TableItemColumn_Row_TableItemRow_Lower</brailleTemplate>
    </templateSnippet>
    <templateSnippet elementType="TransformationPattern">
        <fullTemplate>TransformCanMove Pause TransformCanResize Pause TransformCanRotate Pause</fullTemplate>
    </templateSnippet>
    <templateSnippet elementType="ValuePattern">
        <fullTemplate>Value_Text Value Pause ValueIsReadOnly Pause</fullTemplate>
    </templateSnippet>
    <templateSnippet elementType="WindowPattern">
        <fullTemplate>Window_Text Pause WindowIsModal Pause WindowIsTopmost Pause WindowSizing Pause</fullTemplate>
    </templateSnippet>
    <templateSnippet elementType="TablePattern">
        <fullTemplate>Contains_GridColCount_Columns_And_GridRowCount Pause</fullTemplate>
    </templateSnippet>
    <templateSnippet elementType="TablePatternColumns">
        <fullTemplate>Columns_TableColumnNames_Contains_GridRowCount Pause</fullTemplate>
    </templateSnippet>
    <templateSnippet elementType="TablePatternRows">
        <fullTemplate>Contains_GridColCount_Columns_Pause_RowstableRowNames Pause</fullTemplate>
    </templateSnippet>
    <templateSnippet elementType="TablePatternColumnsAndRows">
        <fullTemplate>TableColNames_TableRowNames Pause</fullTemplate>
    </templateSnippet>
    <templateSnippet elementType="ElementText">
        <fullTemplate>TableReadingPrefix ElementText TableReadingSuffix</fullTemplate>
    </templateSnippet>
    <templateSnippet elementType="WindowChange">
        <fullTemplate>WindowText ElementText</fullTemplate>
    </templateSnippet>
    <templateSnippet elementType="AdvancedInformation">
        <fullTemplate>FormulaValue Pause FullDescription Pause DescribedBy Pause HelpText Pause ItemStatus Pause ItemType Pause SelectionItem_IsSelected Pause</fullTemplate>
    </templateSnippet>
    <templateSnippet elementType="Invoke">
        <fullTemplate>CanBePressed_Text Pause</fullTemplate>
    </templateSnippet>
    <templateSnippet elementType="DragPattern">
        <fullTemplate>Draggable</fullTemplate>
    </templateSnippet>
    <templateSnippet elementType="PrimaryHint">
        <fullTemplate>DoubleTapTo_Text PrimaryAction Pause</fullTemplate>
    </templateSnippet>
    <templateSnippet elementType="SecondaryHint">
        <fullTemplate>TripleTapTo_Text SecondaryAction Pause</fullTemplate>
    </templateSnippet>
    <templateSnippet elementType="TooltipHint_Dismiss">
        <fullTemplate>Dismiss_Text</fullTemplate>
    </templateSnippet>
    <templateSnippet elementType="EditDocument_NotFocused_Hint">
        <fullTemplate>DoubleTapToEdit_Text Pause</fullTemplate>
    </templateSnippet>
    <templateSnippet elementType="StructuralNav_Full">
        <fullTemplate>PositionInSet_SizeOfSet Pause Level</fullTemplate>
    </templateSnippet>
    <templateSnippet elementType="StructuralNav_PosSize">
        <fullTemplate>PositionInSet_SizeOfSet</fullTemplate>
    </templateSnippet>
    <templateSnippet elementType="StructuralNav_PosLevel">
        <fullTemplate>Item_PositioninSet_OfLevel</fullTemplate>
    </templateSnippet>
    <templateSnippet elementType="StructuralNav_Level">
        <fullTemplate>AtLevel</fullTemplate>
    </templateSnippet>
    <templateSnippet elementType="StructuralNav_Pos">
        <fullTemplate>ItemPositionInSet_Text</fullTemplate>
    </templateSnippet>
    <templateSnippet elementType="Landmark_Suffix">
        <fullTemplate>Landmark Pause</fullTemplate>
        <brailleTemplate>Landmark_Braille LandmarkType</brailleTemplate>
    </templateSnippet>
    <templateSnippet elementType="HeadingSuffix">
        <fullTemplate>HeadingLevel Pause</fullTemplate>
    </templateSnippet>
    <templateSnippet elementType="StructuralNavSuffix">
        <fullTemplate>StructuralNavString Pause</fullTemplate>
    </templateSnippet>
    <templateSnippet elementType="HasPopupSuffix">
        <fullTemplate>HasPopup Pause</fullTemplate>
    </templateSnippet>
    <templateSnippet elementType="FormProperties">
        <fullTemplate>IsRequired Pause IsInvalid Pause</fullTemplate>
    </templateSnippet>
    <templateSnippet elementType="TabReadPosSize">
        <fullTemplate>Tab_Text PositionInSet_SizeOfSet</fullTemplate>
    </templateSnippet>
    <templateSnippet elementType="TableExit">
        <fullTemplate>TableExit_Text Pause</fullTemplate>
    </templateSnippet>
    <templateSnippet elementType="TableRowHeaderDiff">
        <fullTemplate>Pause TableRowHeader</fullTemplate>
    </templateSnippet>
    <templateSnippet elementType="TableRowColDiff">
        <fullTemplate>Pause TableColumnHeader</fullTemplate>
    </templateSnippet>
    <templateSnippet elementType="TableRowLocationDiff">
        <fullTemplate>Pause GridItemRow_OfCount</fullTemplate>
    </templateSnippet>
    <templateSnippet elementType="TableColLocationDiff">
        <fullTemplate>Pause GridItemCol_OfCount</fullTemplate>
    </templateSnippet>
    <templateSnippet elementType="TableRowHeaderLevel">
        <fullTemplate>Pause TableItem_RowHeader_LevelDepth</fullTemplate>
    </templateSnippet>
    <templateSnippet elementType="TableColHeaderLevel">
        <fullTemplate>Pause TableItem_ColHeader_LevelDepth</fullTemplate>
    </templateSnippet>
</templateTable>
