<?xml version='1.0'?>
<bidi:Schema xmlns:bidi='http://schemas.microsoft.com/windows/2005/03/printing/bidi'>
    <Property name='Printer'>
        <Property name='DeviceInfo'>
            <BuiltIn name='Manufacturer'     classId='DeviceInfo:Manufacturer'/>
            <BuiltIn name='ModelName'        classId='DeviceInfo:ModelName'/>
            <BuiltIn name='IEEE1284DeviceId' classId='DeviceInfo:IEEE1284DeviceId'/>
            <BuiltIn name='HardwareId'       classId='DeviceInfo:HardwareId'/>
            <BuiltIn sname='CompatsibleId'     classId='DeviceInfo:CompatibleId'/>
            <Property name='NetworkingInfo'>
                <BuiltIn name='PresentationUrl'  classId='NetworkingInfo:PresentationUrl'/>
            </Property>
        </Property>
        <Property name='Configuration'>
            <Property name='Memory'>
                <Value name='Size' oid='1.3.6.1.2.1.25.2.2' type='BIDI_INT' drvPrinterEvent='true' refreshInterval='600'/>
            </Property>
            <Property name='HardDisk'>
                <Installed name='Installed' oid='1.3.6.1.2.1.25.2.3.1.2' deviceIndex='false' drvPrinterEvent='true' refreshInterval='600'>
                    <Lookup value='1.3.6.1.2.1.25.2.1.4'/>
                </Installed>
            </Property>
            <Property name='DuplexUnit'>
                <Installed name='Installed' oid='1.3.6.1.2.1.43.13.4.1.9' deviceIndex='true' refreshInterval='600' drvPrinterEvent='true'>
                    <Lookup value='3'/>
                    <Lookup value='4'/>
                </Installed>
            </Property>
        </Property>
    </Property>
</bidi:Schema>


